{ "_id" : { "$oid" : "519320aeb61f7af7b4fa57fe" }, "username" : "seconduser", "password" : "seconduser", "email" : "seconduser@gmail.com" }
{ "_id" : { "$oid" : "51932758b61f7af7b4fa57ff" }, "username" : "thirduser", "password" : "thirduser", "email" : "thirduser@gmail.com" }
{ "_id" : { "$oid" : "519328e0b61f7af7b4fa5800" }, "username" : "thirduser", "password" : "thirduser1", "email" : "thirduser1@gmail.com" }
{ "_id" : 10, "email" : "fourthuser1@gmail.com", "password" : "fourthuser1", "username" : "sixthuser" }
{ "_id" : { "$oid" : "51931cfab61f7af7b4fa57fd" }, "active" : true, "email" : "firstuser@gmail.com", "password" : "firstuser", "username" : "firstuser" }
{ "_id" : { "$oid" : "5193777fd206b30027000001" }, "address" : "iLoveMongo1address", "email" : "srirangan@gmail.com", "password" : "iLoveMongo", "username" : "srirangan" }
{ "email" : "piyas.de@gmail.com", "password" : "piyasde", "username" : "piyasde", "_id" : { "$oid" : "51938208c37ecd7822000001" } }
{ "email" : "email", "password" : "password", "username" : "username", "_id" : { "$oid" : "51c523453a7f45d018000001" } }
{ "email" : "x@y.z", "password" : "thisuser", "username" : "thisuser", "_id" : { "$oid" : "51c523f83a7f45d018000002" } }
{ "email" : "a@b.c", "password" : "anotheruser", "username" : "anotheruser", "_id" : { "$oid" : "51c52c303a7f45d018000003" } }
{ "email" : "x@y.z", "password" : "aaaa", "username" : "debopam", "_id" : { "$oid" : "51c7ed82bfb8a46014000001" } }
